imageId,articleTypeName,categoryName,articleTypeId,categoryId
48741,Bangle,Jewellery,58,6
34968,Stoles,Stoles,56,26
48585,Bracelet,Jewellery,62,6
51391,Boxers,Innerwear,68,5
46060,Bracelet,Jewellery,62,6
7116,Duffel Bag,Bags,57,2
35128,Bracelet,Jewellery,62,6
39058,Cufflinks,Cufflinks,53,24
39925,Laptop Bag,Bags,59,2
46160,Necklace and Chains,Jewellery,44,6
36249,Night suits,Loungewear and Nightwear,46,17
55099,Face Moisturisers,Skin,64,27
55826,Nightdress,Loungewear and Nightwear,40,17
4930,Skirts,Bottomwear,48,4
25599,Kurta Sets,Apparel Set,55,25
46167,Necklace and Chains,Jewellery,44,6
14156,Cufflinks,Cufflinks,53,24
34268,Dupatta,Topwear,51,0
48894,Pendant,Jewellery,42,6
50669,Lounge Pants,Loungewear and Nightwear,63,17
52393,Nightdress,Loungewear and Nightwear,40,17
50032,Lounge Pants,Loungewear and Nightwear,63,17
48929,Ring,Jewellery,50,6
27961,Trunk,Innerwear,47,5
34294,Dupatta,Topwear,51,0
52426,Nightdress,Loungewear and Nightwear,40,17
52224,Necklace and Chains,Jewellery,44,6
48578,Bracelet,Jewellery,62,6
2953,Capris,Bottomwear,43,4
53088,Necklace and Chains,Jewellery,44,6
35018,Stoles,Stoles,56,26
24796,Kurta Sets,Apparel Set,55,25
54147,Necklace and Chains,Jewellery,44,6
39057,Cufflinks,Cufflinks,53,24
57185,Tunics,Topwear,39,0
59577,Cufflinks,Cufflinks,53,24
50844,Dupatta,Topwear,51,0
46286,Tunics,Topwear,39,0
8765,Sports Sandals,Sandal,61,9
34932,Dupatta,Topwear,51,0
43437,Kurta Sets,Apparel Set,55,25
52200,Pendant,Jewellery,42,6
49154,Highlighter and Blush,Makeup,67,21
48870,Pendant,Jewellery,42,6
55262,Kajal and Eyeliner,Makeup,54,21
52325,Bangle,Jewellery,58,6
42003,Capris,Bottomwear,43,4
34971,Stoles,Stoles,56,26
27014,Capris,Bottomwear,43,4
52434,Nightdress,Loungewear and Nightwear,40,17
34820,Sports Sandals,Sandal,61,9
50466,Trunk,Innerwear,47,5
40495,Leggings,Bottomwear,41,4
24641,Cufflinks,Cufflinks,53,24
41765,Tunics,Topwear,39,0
48959,Ring,Jewellery,50,6
25963,Tunics,Topwear,39,0
43469,Night suits,Loungewear and Nightwear,46,17
55249,Foundation and Primer,Makeup,60,21
56598,Kajal and Eyeliner,Makeup,54,21
12154,Leggings,Bottomwear,41,4
49160,Foundation and Primer,Makeup,60,21
59519,Necklace and Chains,Jewellery,44,6
40070,Capris,Bottomwear,43,4
55824,Night suits,Loungewear and Nightwear,46,17
36284,Night suits,Loungewear and Nightwear,46,17
48313,Bracelet,Jewellery,62,6
2488,Sports Sandals,Sandal,61,9
47666,Scarves,Scarves,49,22
57192,Tunics,Topwear,39,0
11713,Tunics,Topwear,39,0
52346,Nightdress,Loungewear and Nightwear,40,17
31080,Stoles,Stoles,56,26
39119,Leggings,Bottomwear,41,4
39126,Leggings,Bottomwear,41,4
33508,Skirts,Bottomwear,48,4
22466,Leggings,Bottomwear,41,4
57691,Face Moisturisers,Skin,64,27
55322,Face Moisturisers,Skin,64,27
43757,Bangle,Jewellery,58,6
50467,Trunk,Innerwear,47,5
36272,Night suits,Loungewear and Nightwear,46,17
48582,Bracelet,Jewellery,62,6
33957,Leggings,Bottomwear,41,4
55246,Foundation and Primer,Makeup,60,21
50630,Trunk,Innerwear,47,5
11140,Scarves,Scarves,49,22
59780,Bracelet,Jewellery,62,6
28990,Kurta Sets,Apparel Set,55,25
48759,Jewellery Set,Jewellery,65,6
19236,Scarves,Scarves,49,22
56507,Lip Gloss,Lips,45,15
28115,Trunk,Innerwear,47,5
48877,Pendant,Jewellery,42,6
48319,Bracelet,Jewellery,62,6
17372,Accessory Gift Set,Accessories,52,23
28970,Kurta Sets,Apparel Set,55,25
48748,Bangle,Jewellery,58,6
25938,Scarves,Scarves,49,22
25946,Scarves,Scarves,49,22
21252,Duffel Bag,Bags,57,2
49163,Kajal and Eyeliner,Makeup,54,21
52412,Nightdress,Loungewear and Nightwear,40,17
23465,Scarves,Scarves,49,22
3910,Capris,Bottomwear,43,4
34908,Dupatta,Topwear,51,0
55505,Lip Gloss,Lips,45,15
17926,Capris,Bottomwear,43,4
49047,Ring,Jewellery,50,6
6864,Skirts,Bottomwear,48,4
14137,Cufflinks,Cufflinks,53,24
42631,Bracelet,Jewellery,62,6
56208,Pendant,Jewellery,42,6
50030,Lounge Pants,Loungewear and Nightwear,63,17
57084,Skirts,Bottomwear,48,4
44166,Fragrance Gift Set,Fragrance,66,8
59858,Face Moisturisers,Skin,64,27
58862,Cufflinks,Cufflinks,53,24
30819,Leggings,Bottomwear,41,4
48993,Ring,Jewellery,50,6
39056,Cufflinks,Cufflinks,53,24
43101,Fragrance Gift Set,Fragrance,66,8
46282,Tunics,Topwear,39,0
39135,Kurta Sets,Apparel Set,55,25
2578,Capris,Bottomwear,43,4
34303,Stoles,Stoles,56,26
57725,Lip Gloss,Lips,45,15
55228,Foundation and Primer,Makeup,60,21
48943,Pendant,Jewellery,42,6
48931,Ring,Jewellery,50,6
55225,Kajal and Eyeliner,Makeup,54,21
23472,Scarves,Scarves,49,22
17639,Scarves,Scarves,49,22
51992,Lounge Pants,Loungewear and Nightwear,63,17
54171,Necklace and Chains,Jewellery,44,6
36068,Duffel Bag,Bags,57,2
56597,Kajal and Eyeliner,Makeup,54,21
55068,Lip Gloss,Lips,45,15
50660,Lounge Pants,Loungewear and Nightwear,63,17
30924,Skirts,Bottomwear,48,4
31228,Capris,Bottomwear,43,4
46192,Jewellery Set,Jewellery,65,6
56561,Lip Gloss,Lips,45,15
48966,Ring,Jewellery,50,6
35099,Stoles,Stoles,56,26
52454,Nightdress,Loungewear and Nightwear,40,17
59560,Bangle,Jewellery,58,6
39117,Leggings,Bottomwear,41,4
31891,Stoles,Stoles,56,26
42617,Jewellery Set,Jewellery,65,6
39238,Nightdress,Loungewear and Nightwear,40,17
19935,Accessory Gift Set,Accessories,52,23
14151,Cufflinks,Cufflinks,53,24
59510,Pendant,Jewellery,42,6
53823,Tunics,Topwear,39,0
25944,Scarves,Scarves,49,22
32252,Skirts,Bottomwear,48,4
25903,Leggings,Bottomwear,41,4
55002,Lip Gloss,Lips,45,15
50689,Trunk,Innerwear,47,5
55490,Lip Gloss,Lips,45,15
52421,Nightdress,Loungewear and Nightwear,40,17
59462,Ring,Jewellery,50,6
54850,Necklace and Chains,Jewellery,44,6
47277,Boxers,Innerwear,68,5
3909,Capris,Bottomwear,43,4
48990,Ring,Jewellery,50,6
52378,Nightdress,Loungewear and Nightwear,40,17
55587,Lip Gloss,Lips,45,15
59504,Necklace and Chains,Jewellery,44,6
56196,Highlighter and Blush,Makeup,67,21
56115,Lip Gloss,Lips,45,15
41316,Leggings,Bottomwear,41,4
28090,Trunk,Innerwear,47,5
48742,Bangle,Jewellery,58,6
25953,Scarves,Scarves,49,22
49931,Trunk,Innerwear,47,5
25904,Leggings,Bottomwear,41,4
32251,Skirts,Bottomwear,48,4
57187,Tunics,Topwear,39,0
36042,Duffel Bag,Bags,57,2
12773,Tunics,Topwear,39,0
41003,Skirts,Bottomwear,48,4
56588,Kajal and Eyeliner,Makeup,54,21
54871,Necklace and Chains,Jewellery,44,6
48750,Bangle,Jewellery,58,6
28112,Trunk,Innerwear,47,5
27415,Capris,Bottomwear,43,4
11123,Laptop Bag,Bags,59,2
35958,Skirts,Bottomwear,48,4
43225,Capris,Bottomwear,43,4
38505,Skirts,Bottomwear,48,4
7493,Capris,Bottomwear,43,4
53090,Necklace and Chains,Jewellery,44,6
17637,Scarves,Scarves,49,22
31185,Accessory Gift Set,Accessories,52,23
49050,Ring,Jewellery,50,6
34976,Stoles,Stoles,56,26
50675,Trunk,Innerwear,47,5
52354,Nightdress,Loungewear and Nightwear,40,17
14145,Cufflinks,Cufflinks,53,24
25592,Kurta Sets,Apparel Set,55,25
41781,Tunics,Topwear,39,0
21907,Kurta Sets,Apparel Set,55,25
48768,Jewellery Set,Jewellery,65,6
50489,Trunk,Innerwear,47,5
27385,Night suits,Loungewear and Nightwear,46,17
43734,Bangle,Jewellery,58,6
58628,Bangle,Jewellery,58,6
42613,Jewellery Set,Jewellery,65,6
41792,Tunics,Topwear,39,0
31893,Stoles,Stoles,56,26
48335,Necklace and Chains,Jewellery,44,6
35025,Stoles,Stoles,56,26
45778,Tunics,Topwear,39,0
35005,Stoles,Stoles,56,26
55496,Lip Gloss,Lips,45,15
25069,Accessory Gift Set,Accessories,52,23
40146,Capris,Bottomwear,43,4
18681,Trunk,Innerwear,47,5
52017,Night suits,Loungewear and Nightwear,46,17
30813,Leggings,Bottomwear,41,4
56569,Foundation and Primer,Makeup,60,21
39121,Leggings,Bottomwear,41,4
52318,Bangle,Jewellery,58,6
34909,Dupatta,Topwear,51,0
33750,Tunics,Topwear,39,0
32070,Boxers,Innerwear,68,5
25858,Laptop Bag,Bags,59,2
29190,Laptop Bag,Bags,59,2
56221,Night suits,Loungewear and Nightwear,46,17
55522,Foundation and Primer,Makeup,60,21
18680,Trunk,Innerwear,47,5
3490,Sports Sandals,Sandal,61,9
59563,Pendant,Jewellery,42,6
46057,Bracelet,Jewellery,62,6
48922,Ring,Jewellery,50,6
33274,Leggings,Bottomwear,41,4
55350,Face Moisturisers,Skin,64,27
59558,Bangle,Jewellery,58,6
50668,Lounge Pants,Loungewear and Nightwear,63,17
33271,Skirts,Bottomwear,48,4
36289,Night suits,Loungewear and Nightwear,46,17
50026,Leggings,Bottomwear,41,4
40432,Skirts,Bottomwear,48,4
23617,Fragrance Gift Set,Fragrance,66,8
52397,Nightdress,Loungewear and Nightwear,40,17
48766,Jewellery Set,Jewellery,65,6
36694,Sports Sandals,Sandal,61,9
3896,Skirts,Bottomwear,48,4
52375,Nightdress,Loungewear and Nightwear,40,17
48743,Bangle,Jewellery,58,6
52316,Bangle,Jewellery,58,6
35016,Stoles,Stoles,56,26
33987,Scarves,Scarves,49,22
35133,Bracelet,Jewellery,62,6
46124,Necklace and Chains,Jewellery,44,6
48745,Bangle,Jewellery,58,6
34467,Laptop Bag,Bags,59,2
27013,Capris,Bottomwear,43,4
35095,Scarves,Scarves,49,22
32266,Lounge Pants,Loungewear and Nightwear,63,17
51844,Nightdress,Loungewear and Nightwear,40,17
50993,Nightdress,Loungewear and Nightwear,40,17
28943,Leggings,Bottomwear,41,4
48907,Pendant,Jewellery,42,6
56080,Lip Gloss,Lips,45,15
38934,Leggings,Bottomwear,41,4
12160,Leggings,Bottomwear,41,4
59586,Cufflinks,Cufflinks,53,24
46155,Necklace and Chains,Jewellery,44,6
25861,Laptop Bag,Bags,59,2
30715,Kurta Sets,Apparel Set,55,25
30960,Tunics,Topwear,39,0
46026,Pendant,Jewellery,42,6
54563,Tunics,Topwear,39,0
59484,Ring,Jewellery,50,6
53559,Boxers,Innerwear,68,5
48844,Pendant,Jewellery,42,6
56099,Lip Gloss,Lips,45,15
18376,Trunk,Innerwear,47,5
59469,Ring,Jewellery,50,6
15303,Sports Sandals,Sandal,61,9
52452,Nightdress,Loungewear and Nightwear,40,17
34305,Stoles,Stoles,56,26
33973,Tunics,Topwear,39,0
52133,Leggings,Bottomwear,41,4
48928,Ring,Jewellery,50,6
34462,Laptop Bag,Bags,59,2
52459,Nightdress,Loungewear and Nightwear,40,17
53812,Kurta Sets,Apparel Set,55,25
36275,Night suits,Loungewear and Nightwear,46,17
26983,Capris,Bottomwear,43,4
59509,Pendant,Jewellery,42,6
58586,Necklace and Chains,Jewellery,44,6
56583,Highlighter and Blush,Makeup,67,21
17858,Trunk,Innerwear,47,5
36260,Night suits,Loungewear and Nightwear,46,17
23484,Scarves,Scarves,49,22
41332,Dupatta,Topwear,51,0
55009,Lip Gloss,Lips,45,15
30812,Leggings,Bottomwear,41,4
39517,Laptop Bag,Bags,59,2
25062,Accessory Gift Set,Accessories,52,23
59466,Ring,Jewellery,50,6
59457,Ring,Jewellery,50,6
43705,Jewellery Set,Jewellery,65,6
13536,Sports Sandals,Sandal,61,9
58857,Cufflinks,Cufflinks,53,24
50027,Leggings,Bottomwear,41,4
9994,Skirts,Bottomwear,48,4
58841,Cufflinks,Cufflinks,53,24
43077,Capris,Bottomwear,43,4
52464,Nightdress,Loungewear and Nightwear,40,17
57740,Foundation and Primer,Makeup,60,21
58117,Pendant,Jewellery,42,6
27957,Trunk,Innerwear,47,5
23303,Leggings,Bottomwear,41,4
58923,Accessory Gift Set,Accessories,52,23
34554,Duffel Bag,Bags,57,2
55812,Night suits,Loungewear and Nightwear,46,17
48791,Pendant,Jewellery,42,6
56087,Lip Gloss,Lips,45,15
42290,Skirts,Bottomwear,48,4
57752,Foundation and Primer,Makeup,60,21
23545,Fragrance Gift Set,Fragrance,66,8
45499,Capris,Bottomwear,43,4
57180,Tunics,Topwear,39,0
47668,Scarves,Scarves,49,22
18430,Laptop Bag,Bags,59,2
34148,Skirts,Bottomwear,48,4
41320,Leggings,Bottomwear,41,4
22683,Duffel Bag,Bags,57,2
48953,Ring,Jewellery,50,6
27030,Capris,Bottomwear,43,4
17860,Trunk,Innerwear,47,5
21914,Kurta Sets,Apparel Set,55,25
43727,Bangle,Jewellery,58,6
55814,Night suits,Loungewear and Nightwear,46,17
46250,Tunics,Topwear,39,0
56252,Night suits,Loungewear and Nightwear,46,17
55226,Kajal and Eyeliner,Makeup,54,21
23464,Scarves,Scarves,49,22
53813,Tunics,Topwear,39,0
52463,Nightdress,Loungewear and Nightwear,40,17
2590,Capris,Bottomwear,43,4
18431,Laptop Bag,Bags,59,2
35021,Stoles,Stoles,56,26
4650,Sports Sandals,Sandal,61,9
56616,Highlighter and Blush,Makeup,67,21
48738,Bangle,Jewellery,58,6
55787,Nightdress,Loungewear and Nightwear,40,17
52442,Nightdress,Loungewear and Nightwear,40,17
52205,Pendant,Jewellery,42,6
48934,Ring,Jewellery,50,6
57179,Tunics,Topwear,39,0
39522,Laptop Bag,Bags,59,2
51799,Nightdress,Loungewear and Nightwear,40,17
11028,Tunics,Topwear,39,0
49779,Night suits,Loungewear and Nightwear,46,17
5254,Duffel Bag,Bags,57,2
14147,Cufflinks,Cufflinks,53,24
38717,Tunics,Topwear,39,0
25448,Sports Sandals,Sandal,61,9
35028,Stoles,Stoles,56,26
59754,Nightdress,Loungewear and Nightwear,40,17
48781,Pendant,Jewellery,42,6
28010,Trunk,Innerwear,47,5
35092,Scarves,Scarves,49,22
30815,Leggings,Bottomwear,41,4
54176,Necklace and Chains,Jewellery,44,6
28011,Trunk,Innerwear,47,5
9800,Tunics,Topwear,39,0
50572,Trunk,Innerwear,47,5
34307,Stoles,Stoles,56,26
25049,Accessory Gift Set,Accessories,52,23
32522,Fragrance Gift Set,Fragrance,66,8
17377,Accessory Gift Set,Accessories,52,23
54562,Tunics,Topwear,39,0
49161,Foundation and Primer,Makeup,60,21
23106,Accessory Gift Set,Accessories,52,23
23107,Accessory Gift Set,Accessories,52,23
23099,Accessory Gift Set,Accessories,52,23
51911,Laptop Bag,Bags,59,2
50018,Leggings,Bottomwear,41,4
57753,Foundation and Primer,Makeup,60,21
45500,Capris,Bottomwear,43,4
24647,Cufflinks,Cufflinks,53,24
14141,Cufflinks,Cufflinks,53,24
11139,Scarves,Scarves,49,22
58834,Cufflinks,Cufflinks,53,24
56234,Night suits,Loungewear and Nightwear,46,17
46265,Tunics,Topwear,39,0
34969,Stoles,Stoles,56,26
48896,Pendant,Jewellery,42,6
41315,Leggings,Bottomwear,41,4
48821,Pendant,Jewellery,42,6
49111,Foundation and Primer,Makeup,60,21
28116,Trunk,Innerwear,47,5
58848,Cufflinks,Cufflinks,53,24
7932,Lounge Pants,Loungewear and Nightwear,63,17
56151,Kajal and Eyeliner,Makeup,54,21
31072,Dupatta,Topwear,51,0
57200,Tunics,Topwear,39,0
10001,Skirts,Bottomwear,48,4
46154,Necklace and Chains,Jewellery,44,6
25083,Accessory Gift Set,Accessories,52,23
56089,Lip Gloss,Lips,45,15
42632,Bracelet,Jewellery,62,6
2580,Capris,Bottomwear,43,4
39142,Kurta Sets,Apparel Set,55,25
30792,Lounge Pants,Loungewear and Nightwear,63,17
46130,Necklace and Chains,Jewellery,44,6
50490,Trunk,Innerwear,47,5
48801,Pendant,Jewellery,42,6
21908,Kurta Sets,Apparel Set,55,25
58859,Cufflinks,Cufflinks,53,24
57870,Face Moisturisers,Skin,64,27
51810,Nightdress,Loungewear and Nightwear,40,17
34053,Capris,Bottomwear,43,4
17975,Sports Sandals,Sandal,61,9
48916,Pendant,Jewellery,42,6
52308,Necklace and Chains,Jewellery,44,6
42616,Jewellery Set,Jewellery,65,6
52328,Bangle,Jewellery,58,6
55248,Foundation and Primer,Makeup,60,21
50469,Trunk,Innerwear,47,5
56170,Kajal and Eyeliner,Makeup,54,21
41783,Tunics,Topwear,39,0
51960,Laptop Bag,Bags,59,2
52312,Necklace and Chains,Jewellery,44,6
41311,Capris,Bottomwear,43,4
55234,Foundation and Primer,Makeup,60,21
55828,Nightdress,Loungewear and Nightwear,40,17
6532,Skirts,Bottomwear,48,4
59456,Ring,Jewellery,50,6
34116,Capris,Bottomwear,43,4
55256,Kajal and Eyeliner,Makeup,54,21
59778,Bracelet,Jewellery,62,6
25931,Skirts,Bottomwear,48,4
34936,Dupatta,Topwear,51,0
25046,Accessory Gift Set,Accessories,52,23
59587,Cufflinks,Cufflinks,53,24
55510,Lip Gloss,Lips,45,15
39136,Kurta Sets,Apparel Set,55,25
58867,Cufflinks,Cufflinks,53,24
19491,Trunk,Innerwear,47,5
49094,Kajal and Eyeliner,Makeup,54,21
14162,Cufflinks,Cufflinks,53,24
46813,Skirts,Bottomwear,48,4
44788,Boxers,Innerwear,68,5
34308,Stoles,Stoles,56,26
56199,Jewellery Set,Jewellery,65,6
51811,Nightdress,Loungewear and Nightwear,40,17
47667,Scarves,Scarves,49,22
52371,Nightdress,Loungewear and Nightwear,40,17
7212,Tunics,Topwear,39,0
56424,Highlighter and Blush,Makeup,67,21
7430,Tunics,Topwear,39,0
57204,Capris,Bottomwear,43,4
27413,Lounge Pants,Loungewear and Nightwear,63,17
46158,Necklace and Chains,Jewellery,44,6
59866,Face Moisturisers,Skin,64,27
52402,Nightdress,Loungewear and Nightwear,40,17
57872,Face Moisturisers,Skin,64,27
27408,Capris,Bottomwear,43,4
37930,Skirts,Bottomwear,48,4
21251,Duffel Bag,Bags,57,2
19379,Boxers,Innerwear,68,5
56091,Lip Gloss,Lips,45,15
44106,Fragrance Gift Set,Fragrance,66,8
7079,Duffel Bag,Bags,57,2
54724,Kurta Sets,Apparel Set,55,25
35131,Bangle,Jewellery,58,6
16073,Laptop Bag,Bags,59,2
34926,Dupatta,Topwear,51,0
23561,Fragrance Gift Set,Fragrance,66,8
35029,Stoles,Stoles,56,26
43463,Night suits,Loungewear and Nightwear,46,17
39725,Skirts,Bottomwear,48,4
48588,Bracelet,Jewellery,62,6
45086,Night suits,Loungewear and Nightwear,46,17
44167,Fragrance Gift Set,Fragrance,66,8
28912,Laptop Bag,Bags,59,2
57676,Face Moisturisers,Skin,64,27
27386,Night suits,Loungewear and Nightwear,46,17
42001,Capris,Bottomwear,43,4
58845,Cufflinks,Cufflinks,53,24
48739,Bangle,Jewellery,58,6
55810,Night suits,Loungewear and Nightwear,46,17
35134,Bracelet,Jewellery,62,6
51225,Tunics,Topwear,39,0
32521,Fragrance Gift Set,Fragrance,66,8
7488,Capris,Bottomwear,43,4
59498,Necklace and Chains,Jewellery,44,6
56064,Lip Gloss,Lips,45,15
11098,Leggings,Bottomwear,41,4
55098,Face Moisturisers,Skin,64,27
36274,Night suits,Loungewear and Nightwear,46,17
51801,Nightdress,Loungewear and Nightwear,40,17
54849,Necklace and Chains,Jewellery,44,6
7490,Capris,Bottomwear,43,4
55100,Face Moisturisers,Skin,64,27
48961,Ring,Jewellery,50,6
50568,Trunk,Innerwear,47,5
16225,Capris,Bottomwear,43,4
17364,Accessory Gift Set,Accessories,52,23
42603,Pendant,Jewellery,42,6
51982,Nightdress,Loungewear and Nightwear,40,17
54923,Capris,Bottomwear,43,4
22464,Leggings,Bottomwear,41,4
19929,Accessory Gift Set,Accessories,52,23
57717,Lip Gloss,Lips,45,15
52424,Nightdress,Loungewear and Nightwear,40,17
33204,Tunics,Topwear,39,0
48587,Bracelet,Jewellery,62,6
39502,Duffel Bag,Bags,57,2
54868,Necklace and Chains,Jewellery,44,6
55090,Face Moisturisers,Skin,64,27
17373,Accessory Gift Set,Accessories,52,23
41766,Tunics,Topwear,39,0
50682,Trunk,Innerwear,47,5
56807,Tunics,Topwear,39,0
23467,Scarves,Scarves,49,22
25078,Accessory Gift Set,Accessories,52,23
12155,Leggings,Bottomwear,41,4
56084,Lip Gloss,Lips,45,15
17363,Accessory Gift Set,Accessories,52,23
54173,Necklace and Chains,Jewellery,44,6
53338,Boxers,Innerwear,68,5
44153,Fragrance Gift Set,Fragrance,66,8
34937,Dupatta,Topwear,51,0
34054,Capris,Bottomwear,43,4
52441,Nightdress,Loungewear and Nightwear,40,17
22175,Sports Sandals,Sandal,61,9
55261,Kajal and Eyeliner,Makeup,54,21
52367,Nightdress,Loungewear and Nightwear,40,17
5586,Skirts,Bottomwear,48,4
22994,Lounge Pants,Loungewear and Nightwear,63,17
58581,Ring,Jewellery,50,6
54554,Tunics,Topwear,39,0
54723,Kurta Sets,Apparel Set,55,25
52356,Nightdress,Loungewear and Nightwear,40,17
31200,Accessory Gift Set,Accessories,52,23
58096,Pendant,Jewellery,42,6
59712,Nightdress,Loungewear and Nightwear,40,17
56230,Night suits,Loungewear and Nightwear,46,17
55800,Nightdress,Loungewear and Nightwear,40,17
5575,Skirts,Bottomwear,48,4
57089,Skirts,Bottomwear,48,4
59902,Scarves,Scarves,49,22
59572,Cufflinks,Cufflinks,53,24
11319,Capris,Bottomwear,43,4
12159,Leggings,Bottomwear,41,4
56103,Lip Gloss,Lips,45,15
46151,Necklace and Chains,Jewellery,44,6
49762,Leggings,Bottomwear,41,4
59515,Pendant,Jewellery,42,6
41331,Dupatta,Topwear,51,0
44285,Trunk,Innerwear,47,5
48763,Jewellery Set,Jewellery,65,6
25914,Leggings,Bottomwear,41,4
35336,Pendant,Jewellery,42,6
54150,Necklace and Chains,Jewellery,44,6
35014,Stoles,Stoles,56,26
6860,Skirts,Bottomwear,48,4
57177,Tunics,Topwear,39,0
41698,Lounge Pants,Loungewear and Nightwear,63,17
52417,Night suits,Loungewear and Nightwear,46,17
36254,Night suits,Loungewear and Nightwear,46,17
52329,Bangle,Jewellery,58,6
34149,Skirts,Bottomwear,48,4
34967,Stoles,Stoles,56,26
34947,Dupatta,Topwear,51,0
39241,Nightdress,Loungewear and Nightwear,40,17
54156,Necklace and Chains,Jewellery,44,6
50515,Trunk,Innerwear,47,5
56168,Kajal and Eyeliner,Makeup,54,21
59459,Ring,Jewellery,50,6
46177,Necklace and Chains,Jewellery,44,6
48731,Bangle,Jewellery,58,6
28067,Trunk,Innerwear,47,5
48810,Pendant,Jewellery,42,6
45083,Nightdress,Loungewear and Nightwear,40,17
31464,Capris,Bottomwear,43,4
19747,Scarves,Scarves,49,22
23116,Accessory Gift Set,Accessories,52,23
18695,Trunk,Innerwear,47,5
39041,Cufflinks,Cufflinks,53,24
25932,Scarves,Scarves,49,22
55829,Nightdress,Loungewear and Nightwear,40,17
30717,Kurta Sets,Apparel Set,55,25
56253,Night suits,Loungewear and Nightwear,46,17
25595,Kurta Sets,Apparel Set,55,25
56094,Lip Gloss,Lips,45,15
8501,Skirts,Bottomwear,48,4
33183,Tunics,Topwear,39,0
38307,Scarves,Scarves,49,22
43714,Bangle,Jewellery,58,6
51797,Nightdress,Loungewear and Nightwear,40,17
53332,Boxers,Innerwear,68,5
50666,Lounge Pants,Loungewear and Nightwear,63,17
54548,Tunics,Topwear,39,0
56222,Night suits,Loungewear and Nightwear,46,17
26982,Capris,Bottomwear,43,4
33198,Tunics,Topwear,39,0
59511,Pendant,Jewellery,42,6
56102,Lip Gloss,Lips,45,15
55507,Lip Gloss,Lips,45,15
42220,Tunics,Topwear,39,0
25947,Scarves,Scarves,49,22
50516,Trunk,Innerwear,47,5
48823,Pendant,Jewellery,42,6
27199,Skirts,Bottomwear,48,4
49109,Foundation and Primer,Makeup,60,21
6863,Capris,Bottomwear,43,4
29188,Laptop Bag,Bags,59,2
56128,Foundation and Primer,Makeup,60,21
39120,Leggings,Bottomwear,41,4
9579,Duffel Bag,Bags,57,2
52395,Nightdress,Loungewear and Nightwear,40,17
39731,Skirts,Bottomwear,48,4
4929,Skirts,Bottomwear,48,4
59583,Cufflinks,Cufflinks,53,24
55528,Highlighter and Blush,Makeup,67,21
42198,Tunics,Topwear,39,0
36273,Night suits,Loungewear and Nightwear,46,17
55020,Lip Gloss,Lips,45,15
4906,Capris,Bottomwear,43,4
25951,Scarves,Scarves,49,22
16016,Scarves,Scarves,49,22
55551,Kajal and Eyeliner,Makeup,54,21
27417,Capris,Bottomwear,43,4
23471,Scarves,Scarves,49,22
56248,Night suits,Loungewear and Nightwear,46,17
59463,Ring,Jewellery,50,6
23350,Boxers,Innerwear,68,5
25076,Accessory Gift Set,Accessories,52,23
57675,Face Moisturisers,Skin,64,27
52351,Nightdress,Loungewear and Nightwear,40,17
18694,Trunk,Innerwear,47,5
22465,Leggings,Bottomwear,41,4
56233,Night suits,Loungewear and Nightwear,46,17
50712,Trunk,Innerwear,47,5
39897,Sports Sandals,Sandal,61,9
44114,Fragrance Gift Set,Fragrance,66,8
56053,Lip Gloss,Lips,45,15
46244,Tunics,Topwear,39,0
12744,Laptop Bag,Bags,59,2
28106,Boxers,Innerwear,68,5
55268,Kajal and Eyeliner,Makeup,54,21
34292,Dupatta,Topwear,51,0
57743,Foundation and Primer,Makeup,60,21
43614,Tunics,Topwear,39,0
25000,Capris,Bottomwear,43,4
57109,Tunics,Topwear,39,0
55320,Face Moisturisers,Skin,64,27
41074,Sports Sandals,Sandal,61,9
57742,Foundation and Primer,Makeup,60,21
47657,Skirts,Bottomwear,48,4
59775,Bracelet,Jewellery,62,6
49952,Lounge Pants,Loungewear and Nightwear,63,17
33190,Tunics,Topwear,39,0
55548,Kajal and Eyeliner,Makeup,54,21
49018,Ring,Jewellery,50,6
5269,Duffel Bag,Bags,57,2
33229,Laptop Bag,Bags,59,2
25060,Accessory Gift Set,Accessories,52,23
35002,Stoles,Stoles,56,26
18712,Skirts,Bottomwear,48,4
59713,Nightdress,Loungewear and Nightwear,40,17
34902,Dupatta,Topwear,51,0
56568,Foundation and Primer,Makeup,60,21
58922,Accessory Gift Set,Accessories,52,23
55402,Kajal and Eyeliner,Makeup,54,21
25905,Leggings,Bottomwear,41,4
37927,Tunics,Topwear,39,0
34938,Dupatta,Topwear,51,0
25591,Kurta Sets,Apparel Set,55,25
51798,Nightdress,Loungewear and Nightwear,40,17
57677,Face Moisturisers,Skin,64,27
6523,Capris,Bottomwear,43,4
33270,Skirts,Bottomwear,48,4
27962,Trunk,Innerwear,47,5
46205,Bangle,Jewellery,58,6
59503,Pendant,Jewellery,42,6
46279,Tunics,Topwear,39,0
31064,Dupatta,Topwear,51,0
56174,Kajal and Eyeliner,Makeup,54,21
46152,Necklace and Chains,Jewellery,44,6
46263,Tunics,Topwear,39,0
20371,Capris,Bottomwear,43,4
6535,Laptop Bag,Bags,59,2
36267,Night suits,Loungewear and Nightwear,46,17
13264,Skirts,Bottomwear,48,4
56113,Lip Gloss,Lips,45,15
4599,Duffel Bag,Bags,57,2
54174,Necklace and Chains,Jewellery,44,6
56243,Night suits,Loungewear and Nightwear,46,17
14158,Cufflinks,Cufflinks,53,24
17634,Scarves,Scarves,49,22
55788,Nightdress,Loungewear and Nightwear,40,17
41782,Tunics,Topwear,39,0
55818,Night suits,Loungewear and Nightwear,46,17
56124,Foundation and Primer,Makeup,60,21
56097,Lip Gloss,Lips,45,15
36290,Night suits,Loungewear and Nightwear,46,17
58855,Cufflinks,Cufflinks,53,24
43075,Capris,Bottomwear,43,4
37515,Leggings,Bottomwear,41,4
32632,Capris,Bottomwear,43,4
56232,Night suits,Loungewear and Nightwear,46,17
53328,Boxers,Innerwear,68,5
55093,Face Moisturisers,Skin,64,27
39125,Leggings,Bottomwear,41,4
17365,Accessory Gift Set,Accessories,52,23
10000,Skirts,Bottomwear,48,4
28070,Trunk,Innerwear,47,5
49105,Kajal and Eyeliner,Makeup,54,21
28982,Kurta Sets,Apparel Set,55,25
39011,Leggings,Bottomwear,41,4
57938,Sports Sandals,Sandal,61,9
50842,Dupatta,Topwear,51,0
41330,Dupatta,Topwear,51,0
57197,Tunics,Topwear,39,0
31078,Stoles,Stoles,56,26
51034,Nightdress,Loungewear and Nightwear,40,17
46273,Tunics,Topwear,39,0
25070,Accessory Gift Set,Accessories,52,23
56119,Lip Gloss,Lips,45,15
15079,Tunics,Topwear,39,0
52384,Nightdress,Loungewear and Nightwear,40,17
15484,Capris,Bottomwear,43,4
35338,Pendant,Jewellery,42,6
56576,Foundation and Primer,Makeup,60,21
56059,Lip Gloss,Lips,45,15
57188,Tunics,Topwear,39,0
49763,Leggings,Bottomwear,41,4
51323,Laptop Bag,Bags,59,2
46184,Jewellery Set,Jewellery,65,6
35138,Bracelet,Jewellery,62,6
44692,Tunics,Topwear,39,0
49001,Ring,Jewellery,50,6
41004,Skirts,Bottomwear,48,4
52430,Nightdress,Loungewear and Nightwear,40,17
27947,Trunk,Innerwear,47,5
52173,Ring,Jewellery,50,6
46834,Capris,Bottomwear,43,4
58856,Cufflinks,Cufflinks,53,24
26929,Tunics,Topwear,39,0
59585,Cufflinks,Cufflinks,53,24
28969,Kurta Sets,Apparel Set,55,25
47660,Tunics,Topwear,39,0
46125,Necklace and Chains,Jewellery,44,6
54882,Necklace and Chains,Jewellery,44,6
21909,Kurta Sets,Apparel Set,55,25
56158,Kajal and Eyeliner,Makeup,54,21
58591,Necklace and Chains,Jewellery,44,6
43956,Sports Sandals,Sandal,61,9
56165,Kajal and Eyeliner,Makeup,54,21
56620,Face Moisturisers,Skin,64,27
23111,Accessory Gift Set,Accessories,52,23
56584,Highlighter and Blush,Makeup,67,21
52376,Nightdress,Loungewear and Nightwear,40,17
40932,Leggings,Bottomwear,41,4
23476,Scarves,Scarves,49,22
48867,Pendant,Jewellery,42,6
35006,Stoles,Stoles,56,26
31187,Accessory Gift Set,Accessories,52,23
31895,Stoles,Stoles,56,26
55798,Nightdress,Loungewear and Nightwear,40,17
54054,Leggings,Bottomwear,41,4
44155,Fragrance Gift Set,Fragrance,66,8
28979,Kurta Sets,Apparel Set,55,25
49014,Ring,Jewellery,50,6
56245,Night suits,Loungewear and Nightwear,46,17
43715,Bangle,Jewellery,58,6
42982,Boxers,Innerwear,68,5
18455,Fragrance Gift Set,Fragrance,66,8
21830,Duffel Bag,Bags,57,2
13514,Skirts,Bottomwear,48,4
56627,Face Moisturisers,Skin,64,27
28977,Kurta Sets,Apparel Set,55,25
34979,Stoles,Stoles,56,26
5809,Capris,Bottomwear,43,4
55407,Lip Gloss,Lips,45,15
31190,Accessory Gift Set,Accessories,52,23
7544,Capris,Bottomwear,43,4
28454,Capris,Bottomwear,43,4
48737,Bangle,Jewellery,58,6
41797,Tunics,Topwear,39,0
40310,Sports Sandals,Sandal,61,9
43526,Leggings,Bottomwear,41,4
48887,Pendant,Jewellery,42,6
53086,Necklace and Chains,Jewellery,44,6
32533,Fragrance Gift Set,Fragrance,66,8
58839,Cufflinks,Cufflinks,53,24
6533,Laptop Bag,Bags,59,2
48988,Ring,Jewellery,50,6
58851,Cufflinks,Cufflinks,53,24
25957,Scarves,Scarves,49,22
23114,Accessory Gift Set,Accessories,52,23
56079,Lip Gloss,Lips,45,15
23620,Fragrance Gift Set,Fragrance,66,8
23463,Scarves,Scarves,49,22
56258,Night suits,Loungewear and Nightwear,46,17
52396,Nightdress,Loungewear and Nightwear,40,17
48572,Bracelet,Jewellery,62,6
14630,Skirts,Bottomwear,48,4
6144,Sports Sandals,Sandal,61,9
54985,Lounge Pants,Loungewear and Nightwear,63,17
54056,Leggings,Bottomwear,41,4
21172,Tunics,Topwear,39,0
25896,Leggings,Bottomwear,41,4
58865,Cufflinks,Cufflinks,53,24
44168,Fragrance Gift Set,Fragrance,66,8
46156,Necklace and Chains,Jewellery,44,6
33962,Tunics,Topwear,39,0
43462,Night suits,Loungewear and Nightwear,46,17
49144,Lip Gloss,Lips,45,15
25072,Accessory Gift Set,Accessories,52,23
50022,Leggings,Bottomwear,41,4
48981,Ring,Jewellery,50,6
23442,Tunics,Topwear,39,0
36062,Duffel Bag,Bags,57,2
53822,Tunics,Topwear,39,0
49025,Ring,Jewellery,50,6
34274,Dupatta,Topwear,51,0
12166,Dupatta,Topwear,51,0
23486,Scarves,Scarves,49,22
10655,Skirts,Bottomwear,48,4
33228,Laptop Bag,Bags,59,2
56166,Kajal and Eyeliner,Makeup,54,21
28980,Kurta Sets,Apparel Set,55,25
29182,Tunics,Topwear,39,0
49139,Lip Gloss,Lips,45,15
34510,Sports Sandals,Sandal,61,9
57744,Foundation and Primer,Makeup,60,21
55284,Highlighter and Blush,Makeup,67,21
34304,Stoles,Stoles,56,26
49052,Ring,Jewellery,50,6
55506,Lip Gloss,Lips,45,15
54175,Necklace and Chains,Jewellery,44,6
49100,Foundation and Primer,Makeup,60,21
49023,Ring,Jewellery,50,6
54878,Necklace and Chains,Jewellery,44,6
41312,Capris,Bottomwear,43,4
52176,Ring,Jewellery,50,6
28461,Capris,Bottomwear,43,4
50680,Trunk,Innerwear,47,5
42610,Jewellery Set,Jewellery,65,6
33958,Leggings,Bottomwear,41,4
34974,Stoles,Stoles,56,26
28453,Leggings,Bottomwear,41,4
56581,Highlighter and Blush,Makeup,67,21
17379,Accessory Gift Set,Accessories,52,23
41327,Dupatta,Topwear,51,0
5581,Skirts,Bottomwear,48,4
55790,Nightdress,Loungewear and Nightwear,40,17
38900,Capris,Bottomwear,43,4
43011,Boxers,Innerwear,68,5
25360,Trunk,Innerwear,47,5
20349,Tunics,Topwear,39,0
34291,Dupatta,Topwear,51,0
44695,Tunics,Topwear,39,0
36276,Night suits,Loungewear and Nightwear,46,17
50033,Lounge Pants,Loungewear and Nightwear,63,17
55270,Kajal and Eyeliner,Makeup,54,21
56195,Highlighter and Blush,Makeup,67,21
47663,Scarves,Scarves,49,22
30926,Skirts,Bottomwear,48,4
27315,Fragrance Gift Set,Fragrance,66,8
54149,Necklace and Chains,Jewellery,44,6
56575,Foundation and Primer,Makeup,60,21
30899,Lounge Pants,Loungewear and Nightwear,63,17
58589,Necklace and Chains,Jewellery,44,6
16078,Laptop Bag,Bags,59,2
55512,Lip Gloss,Lips,45,15
23481,Scarves,Scarves,49,22
17965,Sports Sandals,Sandal,61,9
13342,Capris,Bottomwear,43,4
48908,Pendant,Jewellery,42,6
56570,Foundation and Primer,Makeup,60,21
51359,Capris,Bottomwear,43,4
31880,Stoles,Stoles,56,26
28064,Trunk,Innerwear,47,5
25594,Kurta Sets,Apparel Set,55,25
25588,Kurta Sets,Apparel Set,55,25
49029,Ring,Jewellery,50,6
38722,Tunics,Topwear,39,0
55231,Foundation and Primer,Makeup,60,21
39931,Laptop Bag,Bags,59,2
43711,Bangle,Jewellery,58,6
55257,Kajal and Eyeliner,Makeup,54,21
5227,Duffel Bag,Bags,57,2
50676,Trunk,Innerwear,47,5
55827,Nightdress,Loungewear and Nightwear,40,17
35136,Bangle,Jewellery,58,6
43724,Bangle,Jewellery,58,6
39040,Cufflinks,Cufflinks,53,24
31869,Dupatta,Topwear,51,0
48945,Ring,Jewellery,50,6
43076,Capris,Bottomwear,43,4
48960,Ring,Jewellery,50,6
31889,Stoles,Stoles,56,26
50513,Trunk,Innerwear,47,5
31873,Dupatta,Topwear,51,0
59900,Scarves,Scarves,49,22
56599,Kajal and Eyeliner,Makeup,54,21
55267,Kajal and Eyeliner,Makeup,54,21
34946,Dupatta,Topwear,51,0
35103,Stoles,Stoles,56,26
56562,Lip Gloss,Lips,45,15
55295,Lip Gloss,Lips,45,15
49781,Night suits,Loungewear and Nightwear,46,17
48888,Pendant,Jewellery,42,6
52400,Nightdress,Loungewear and Nightwear,40,17
43466,Night suits,Loungewear and Nightwear,46,17
48784,Pendant,Jewellery,42,6
23448,Tunics,Topwear,39,0
48954,Ring,Jewellery,50,6
11124,Laptop Bag,Bags,59,2
56122,Foundation and Primer,Makeup,60,21
26784,Fragrance Gift Set,Fragrance,66,8
33865,Sports Sandals,Sandal,61,9
7507,Capris,Bottomwear,43,4
33208,Tunics,Topwear,39,0
57201,Tunics,Topwear,39,0
50648,Lounge Pants,Loungewear and Nightwear,63,17
20348,Tunics,Topwear,39,0
57692,Face Moisturisers,Skin,64,27
59518,Necklace and Chains,Jewellery,44,6
43332,Tunics,Topwear,39,0
23307,Tunics,Topwear,39,0
10366,Skirts,Bottomwear,48,4
47272,Boxers,Innerwear,68,5
39137,Kurta Sets,Apparel Set,55,25
56236,Night suits,Loungewear and Nightwear,46,17
39242,Nightdress,Loungewear and Nightwear,40,17
46042,Jewellery Set,Jewellery,65,6
50514,Trunk,Innerwear,47,5
55813,Night suits,Loungewear and Nightwear,46,17
16017,Scarves,Scarves,49,22
25081,Accessory Gift Set,Accessories,52,23
56260,Night suits,Loungewear and Nightwear,46,17
55236,Foundation and Primer,Makeup,60,21
55264,Kajal and Eyeliner,Makeup,54,21
28455,Skirts,Bottomwear,48,4
28008,Trunk,Innerwear,47,5
57719,Lip Gloss,Lips,45,15
28987,Kurta Sets,Apparel Set,55,25
51976,Lounge Pants,Loungewear and Nightwear,63,17
53745,Capris,Bottomwear,43,4
39898,Sports Sandals,Sandal,61,9
46147,Necklace and Chains,Jewellery,44,6
54881,Necklace and Chains,Jewellery,44,6
41907,Fragrance Gift Set,Fragrance,66,8
46185,Jewellery Set,Jewellery,65,6
51614,Leggings,Bottomwear,41,4
57704,Face Moisturisers,Skin,64,27
56090,Lip Gloss,Lips,45,15
31113,Capris,Bottomwear,43,4
50569,Trunk,Innerwear,47,5
48788,Pendant,Jewellery,42,6
49033,Ring,Jewellery,50,6
18443,Fragrance Gift Set,Fragrance,66,8
51361,Capris,Bottomwear,43,4
59578,Cufflinks,Cufflinks,53,24
41693,Lounge Pants,Loungewear and Nightwear,63,17
47672,Scarves,Scarves,49,22
52422,Nightdress,Loungewear and Nightwear,40,17
56092,Lip Gloss,Lips,45,15
55069,Lip Gloss,Lips,45,15
50650,Lounge Pants,Loungewear and Nightwear,63,17
53811,Tunics,Topwear,39,0
25954,Scarves,Scarves,49,22
30818,Leggings,Bottomwear,41,4
48948,Ring,Jewellery,50,6
59502,Pendant,Jewellery,42,6
57782,Face Moisturisers,Skin,64,27
6679,Sports Sandals,Sandal,61,9
52315,Bangle,Jewellery,58,6
57195,Tunics,Topwear,39,0
59774,Jewellery Set,Jewellery,65,6
48914,Pendant,Jewellery,42,6
23483,Scarves,Scarves,49,22
16226,Capris,Bottomwear,43,4
55499,Lip Gloss,Lips,45,15
58590,Necklace and Chains,Jewellery,44,6
48921,Ring,Jewellery,50,6
55831,Nightdress,Loungewear and Nightwear,40,17
46159,Necklace and Chains,Jewellery,44,6
48345,Necklace and Chains,Jewellery,44,6
3503,Sports Sandals,Sandal,61,9
46182,Jewellery Set,Jewellery,65,6
52453,Nightdress,Loungewear and Nightwear,40,17
35026,Stoles,Stoles,56,26
23591,Fragrance Gift Set,Fragrance,66,8
7101,Duffel Bag,Bags,57,2
36045,Duffel Bag,Bags,57,2
56078,Lip Gloss,Lips,45,15
56249,Night suits,Loungewear and Nightwear,46,17
8498,Skirts,Bottomwear,48,4
22647,Duffel Bag,Bags,57,2
43465,Night suits,Loungewear and Nightwear,46,17
51369,Capris,Bottomwear,43,4
30810,Leggings,Bottomwear,41,4
30817,Leggings,Bottomwear,41,4
31727,Pendant,Jewellery,42,6
55801,Nightdress,Loungewear and Nightwear,40,17
50181,Kajal and Eyeliner,Makeup,54,21
54872,Necklace and Chains,Jewellery,44,6
36266,Night suits,Loungewear and Nightwear,46,17
59746,Nightdress,Loungewear and Nightwear,40,17
48746,Bracelet,Jewellery,62,6
28452,Leggings,Bottomwear,41,4
32523,Fragrance Gift Set,Fragrance,66,8
36253,Night suits,Loungewear and Nightwear,46,17
52323,Bangle,Jewellery,58,6
50021,Leggings,Bottomwear,41,4
25082,Accessory Gift Set,Accessories,52,23
48346,Necklace and Chains,Jewellery,44,6
57674,Face Moisturisers,Skin,64,27
27411,Lounge Pants,Loungewear and Nightwear,63,17
56227,Night suits,Loungewear and Nightwear,46,17
25037,Leggings,Bottomwear,41,4
33148,Leggings,Bottomwear,41,4
46180,Jewellery Set,Jewellery,65,6
56083,Lip Gloss,Lips,45,15
52221,Necklace and Chains,Jewellery,44,6
52299,Boxers,Innerwear,68,5
21249,Duffel Bag,Bags,57,2
55227,Foundation and Primer,Makeup,60,21
42239,Tunics,Topwear,39,0
10351,Skirts,Bottomwear,48,4
34922,Dupatta,Topwear,51,0
58626,Bangle,Jewellery,58,6
39134,Kurta Sets,Apparel Set,55,25
56212,Pendant,Jewellery,42,6
34272,Dupatta,Topwear,51,0
28077,Trunk,Innerwear,47,5
31115,Capris,Bottomwear,43,4
23470,Scarves,Scarves,49,22
48866,Pendant,Jewellery,42,6
19932,Accessory Gift Set,Accessories,52,23
27720,Laptop Bag,Bags,59,2
52361,Nightdress,Loungewear and Nightwear,40,17
48895,Pendant,Jewellery,42,6
23103,Accessory Gift Set,Accessories,52,23
52177,Ring,Jewellery,50,6
58097,Pendant,Jewellery,42,6
56211,Pendant,Jewellery,42,6
55804,Night suits,Loungewear and Nightwear,46,17
4849,Capris,Bottomwear,43,4
57987,Tunics,Topwear,39,0
55559,Kajal and Eyeliner,Makeup,54,21
57701,Face Moisturisers,Skin,64,27
34915,Dupatta,Topwear,51,0
29171,Skirts,Bottomwear,48,4
57714,Lip Gloss,Lips,45,15
30897,Lounge Pants,Loungewear and Nightwear,63,17
35003,Stoles,Stoles,56,26
57925,Leggings,Bottomwear,41,4
39043,Cufflinks,Cufflinks,53,24
34282,Dupatta,Topwear,51,0
49636,Skirts,Bottomwear,48,4
56805,Kurta Sets,Apparel Set,55,25
6857,Skirts,Bottomwear,48,4
55408,Lip Gloss,Lips,45,15
22454,Leggings,Bottomwear,41,4
41322,Leggings,Bottomwear,41,4
56624,Face Moisturisers,Skin,64,27
56202,Pendant,Jewellery,42,6
55097,Face Moisturisers,Skin,64,27
49138,Foundation and Primer,Makeup,60,21
52390,Nightdress,Loungewear and Nightwear,40,17
23485,Scarves,Scarves,49,22
23335,Tunics,Topwear,39,0
24772,Cufflinks,Cufflinks,53,24
32655,Capris,Bottomwear,43,4
55525,Highlighter and Blush,Makeup,67,21
55493,Lip Gloss,Lips,45,15
50573,Trunk,Innerwear,47,5
57690,Face Moisturisers,Skin,64,27
54859,Necklace and Chains,Jewellery,44,6
2306,Capris,Bottomwear,43,4
58627,Bangle,Jewellery,58,6
56167,Kajal and Eyeliner,Makeup,54,21
48338,Necklace and Chains,Jewellery,44,6
34277,Dupatta,Topwear,51,0
54874,Necklace and Chains,Jewellery,44,6
57891,Kajal and Eyeliner,Makeup,54,21
29010,Duffel Bag,Bags,57,2
43467,Night suits,Loungewear and Nightwear,46,17
30718,Kurta Sets,Apparel Set,55,25
48760,Jewellery Set,Jewellery,65,6
50024,Leggings,Bottomwear,41,4
55000,Lip Gloss,Lips,45,15
52458,Nightdress,Loungewear and Nightwear,40,17
52451,Nightdress,Loungewear and Nightwear,40,17
48785,Pendant,Jewellery,42,6
51966,Nightdress,Loungewear and Nightwear,40,17
16076,Laptop Bag,Bags,59,2
7489,Capris,Bottomwear,43,4
46134,Necklace and Chains,Jewellery,44,6
25047,Accessory Gift Set,Accessories,52,23
54863,Necklace and Chains,Jewellery,44,6
59573,Cufflinks,Cufflinks,53,24
52345,Nightdress,Loungewear and Nightwear,40,17
52178,Ring,Jewellery,50,6
31114,Capris,Bottomwear,43,4
55544,Kajal and Eyeliner,Makeup,54,21
41699,Lounge Pants,Loungewear and Nightwear,63,17
19492,Trunk,Innerwear,47,5
43703,Jewellery Set,Jewellery,65,6
57780,Kajal and Eyeliner,Makeup,54,21
43089,Fragrance Gift Set,Fragrance,66,8
58837,Cufflinks,Cufflinks,53,24
26626,Sports Sandals,Sandal,61,9
52408,Nightdress,Loungewear and Nightwear,40,17
50550,Boxers,Innerwear,68,5
52327,Bangle,Jewellery,58,6
55487,Lip Gloss,Lips,45,15
43706,Jewellery Set,Jewellery,65,6
25956,Scarves,Scarves,49,22
50678,Trunk,Innerwear,47,5
31068,Dupatta,Topwear,51,0
54879,Necklace and Chains,Jewellery,44,6
43740,Bangle,Jewellery,58,6
36069,Duffel Bag,Bags,57,2
52352,Nightdress,Loungewear and Nightwear,40,17
45095,Night suits,Loungewear and Nightwear,46,17
6862,Skirts,Bottomwear,48,4
33748,Tunics,Topwear,39,0
3578,Sports Sandals,Sandal,61,9
54883,Necklace and Chains,Jewellery,44,6
33832,Sports Sandals,Sandal,61,9
55116,Foundation and Primer,Makeup,60,21
25602,Kurta Sets,Apparel Set,55,25
54051,Leggings,Bottomwear,41,4
25950,Scarves,Scarves,49,22
23102,Accessory Gift Set,Accessories,52,23
25064,Accessory Gift Set,Accessories,52,23
33773,Laptop Bag,Bags,59,2
7518,Duffel Bag,Bags,57,2
13339,Skirts,Bottomwear,48,4
35335,Pendant,Jewellery,42,6
54851,Necklace and Chains,Jewellery,44,6
56559,Lip Gloss,Lips,45,15
52209,Pendant,Jewellery,42,6
57190,Tunics,Topwear,39,0
56063,Lip Gloss,Lips,45,15
55532,Foundation and Primer,Makeup,60,21
12464,Stoles,Stoles,56,26
33960,Leggings,Bottomwear,41,4
18378,Trunk,Innerwear,47,5
11141,Scarves,Scarves,49,22
56061,Lip Gloss,Lips,45,15
39504,Duffel Bag,Bags,57,2
54704,Kurta Sets,Apparel Set,55,25
46034,Jewellery Set,Jewellery,65,6
48332,Necklace and Chains,Jewellery,44,6
46150,Necklace and Chains,Jewellery,44,6
49010,Ring,Jewellery,50,6
7081,Duffel Bag,Bags,57,2
12768,Tunics,Topwear,39,0
17635,Scarves,Scarves,49,22
47670,Scarves,Scarves,49,22
48493,Skirts,Bottomwear,48,4
49165,Kajal and Eyeliner,Makeup,54,21
6898,Skirts,Bottomwear,48,4
43398,Fragrance Gift Set,Fragrance,66,8
46055,Bracelet,Jewellery,62,6
17374,Accessory Gift Set,Accessories,52,23
28966,Kurta Sets,Apparel Set,55,25
52382,Nightdress,Loungewear and Nightwear,40,17
46190,Jewellery Set,Jewellery,65,6
31875,Dupatta,Topwear,51,0
11142,Scarves,Scarves,49,22
51807,Nightdress,Loungewear and Nightwear,40,17
34298,Dupatta,Topwear,51,0
34276,Dupatta,Topwear,51,0
19007,Tunics,Topwear,39,0
43665,Tunics,Topwear,39,0
43737,Bangle,Jewellery,58,6
28108,Trunk,Innerwear,47,5
34495,Skirts,Bottomwear,48,4
48771,Jewellery Set,Jewellery,65,6
33161,Tunics,Topwear,39,0
57721,Lip Gloss,Lips,45,15
25958,Scarves,Scarves,49,22
46259,Tunics,Topwear,39,0
39239,Nightdress,Loungewear and Nightwear,40,17
46040,Necklace and Chains,Jewellery,44,6
35012,Stoles,Stoles,56,26
56176,Kajal and Eyeliner,Makeup,54,21
52228,Pendant,Jewellery,42,6
52314,Bangle,Jewellery,58,6
48946,Ring,Jewellery,50,6
55825,Nightdress,Loungewear and Nightwear,40,17
35994,Capris,Bottomwear,43,4
57698,Face Moisturisers,Skin,64,27
39143,Kurta Sets,Apparel Set,55,25
55283,Highlighter and Blush,Makeup,67,21
55582,Highlighter and Blush,Makeup,67,21
52457,Nightdress,Loungewear and Nightwear,40,17
48923,Ring,Jewellery,50,6
55294,Lip Gloss,Lips,45,15
34296,Dupatta,Topwear,51,0
59501,Pendant,Jewellery,42,6
25057,Accessory Gift Set,Accessories,52,23
56612,Highlighter and Blush,Makeup,67,21
48861,Pendant,Jewellery,42,6
34980,Stoles,Stoles,56,26
48344,Necklace and Chains,Jewellery,44,6
57085,Skirts,Bottomwear,48,4
56098,Lip Gloss,Lips,45,15
27960,Trunk,Innerwear,47,5
52364,Nightdress,Loungewear and Nightwear,40,17
57802,Highlighter and Blush,Makeup,67,21
12463,Stoles,Stoles,56,26
3484,Capris,Bottomwear,43,4
49655,Skirts,Bottomwear,48,4
56107,Lip Gloss,Lips,45,15
55263,Kajal and Eyeliner,Makeup,54,21
57205,Capris,Bottomwear,43,4
28521,Capris,Bottomwear,43,4
52440,Nightdress,Loungewear and Nightwear,40,17
41794,Tunics,Topwear,39,0
48769,Jewellery Set,Jewellery,65,6
56164,Kajal and Eyeliner,Makeup,54,21
18444,Fragrance Gift Set,Fragrance,66,8
56267,Night suits,Loungewear and Nightwear,46,17
56126,Highlighter and Blush,Makeup,67,21
24648,Cufflinks,Cufflinks,53,24
55526,Highlighter and Blush,Makeup,67,21
48751,Bangle,Jewellery,58,6
39128,Leggings,Bottomwear,41,4
55789,Nightdress,Loungewear and Nightwear,40,17
52306,Necklace and Chains,Jewellery,44,6
14636,Scarves,Scarves,49,22
55266,Kajal and Eyeliner,Makeup,54,21
49135,Kajal and Eyeliner,Makeup,54,21
43470,Night suits,Loungewear and Nightwear,46,17
15662,Laptop Bag,Bags,59,2
57720,Lip Gloss,Lips,45,15
36257,Night suits,Loungewear and Nightwear,46,17
42229,Tunics,Topwear,39,0
42612,Jewellery Set,Jewellery,65,6
52223,Necklace and Chains,Jewellery,44,6
56615,Highlighter and Blush,Makeup,67,21
17359,Accessory Gift Set,Accessories,52,23
34056,Capris,Bottomwear,43,4
25902,Leggings,Bottomwear,41,4
29189,Laptop Bag,Bags,59,2
55269,Kajal and Eyeliner,Makeup,54,21
58852,Cufflinks,Cufflinks,53,24
58924,Accessory Gift Set,Accessories,52,23
52311,Necklace and Chains,Jewellery,44,6
34999,Stoles,Stoles,56,26
34310,Stoles,Stoles,56,26
7138,Tunics,Topwear,39,0
30820,Leggings,Bottomwear,41,4
21921,Tunics,Topwear,39,0
55230,Foundation and Primer,Makeup,60,21
54852,Necklace and Chains,Jewellery,44,6
48843,Pendant,Jewellery,42,6
34978,Stoles,Stoles,56,26
56056,Lip Gloss,Lips,45,15
16011,Scarves,Scarves,49,22
25929,Leggings,Bottomwear,41,4
27222,Capris,Bottomwear,43,4
54167,Necklace and Chains,Jewellery,44,6
46163,Necklace and Chains,Jewellery,44,6
28988,Kurta Sets,Apparel Set,55,25
40930,Leggings,Bottomwear,41,4
57099,Capris,Bottomwear,43,4
38571,Capris,Bottomwear,43,4
56573,Foundation and Primer,Makeup,60,21
35123,Pendant,Jewellery,42,6
43078,Capris,Bottomwear,43,4
34905,Dupatta,Topwear,51,0
27422,Lounge Pants,Loungewear and Nightwear,63,17
43745,Bangle,Jewellery,58,6
56058,Lip Gloss,Lips,45,15
56580,Highlighter and Blush,Makeup,67,21
16014,Scarves,Scarves,49,22
57705,Face Moisturisers,Skin,64,27
14139,Cufflinks,Cufflinks,53,24
54155,Necklace and Chains,Jewellery,44,6
38309,Scarves,Scarves,49,22
56206,Pendant,Jewellery,42,6
48859,Pendant,Jewellery,42,6
55278,Highlighter and Blush,Makeup,67,21
55117,Foundation and Primer,Makeup,60,21
55258,Kajal and Eyeliner,Makeup,54,21
48854,Pendant,Jewellery,42,6
19936,Accessory Gift Set,Accessories,52,23
36250,Night suits,Loungewear and Nightwear,46,17
41976,Capris,Bottomwear,43,4
48341,Necklace and Chains,Jewellery,44,6
56172,Kajal and Eyeliner,Makeup,54,21
43615,Tunics,Topwear,39,0
17618,Leggings,Bottomwear,41,4
8771,Sports Sandals,Sandal,61,9
42619,Jewellery Set,Jewellery,65,6
48583,Bracelet,Jewellery,62,6
8758,Capris,Bottomwear,43,4
25934,Scarves,Scarves,49,22
34493,Skirts,Bottomwear,48,4
52456,Nightdress,Loungewear and Nightwear,40,17
49019,Ring,Jewellery,50,6
39505,Duffel Bag,Bags,57,2
59460,Ring,Jewellery,50,6
8494,Skirts,Bottomwear,48,4
59783,Bracelet,Jewellery,62,6
22176,Sports Sandals,Sandal,61,9
27414,Lounge Pants,Loungewear and Nightwear,63,17
42212,Tunics,Topwear,39,0
43730,Bangle,Jewellery,58,6
42614,Jewellery Set,Jewellery,65,6
56125,Highlighter and Blush,Makeup,67,21
55018,Lip Gloss,Lips,45,15
9912,Duffel Bag,Bags,57,2
48970,Ring,Jewellery,50,6
8499,Skirts,Bottomwear,48,4
57194,Tunics,Topwear,39,0
56244,Night suits,Loungewear and Nightwear,46,17
27719,Laptop Bag,Bags,59,2
35009,Stoles,Stoles,56,26
7510,Capris,Bottomwear,43,4
52344,Nightdress,Loungewear and Nightwear,40,17
38306,Scarves,Scarves,49,22
54982,Lounge Pants,Loungewear and Nightwear,63,17
46733,Capris,Bottomwear,43,4
34122,Duffel Bag,Bags,57,2
49164,Kajal and Eyeliner,Makeup,54,21
52357,Nightdress,Loungewear and Nightwear,40,17
35102,Stoles,Stoles,56,26
25596,Kurta Sets,Apparel Set,55,25
46252,Tunics,Topwear,39,0
54977,Lounge Pants,Loungewear and Nightwear,63,17
59513,Pendant,Jewellery,42,6
52347,Nightdress,Loungewear and Nightwear,40,17
54715,Kurta Sets,Apparel Set,55,25
43707,Jewellery Set,Jewellery,65,6
19933,Accessory Gift Set,Accessories,52,23
14140,Cufflinks,Cufflinks,53,24
50691,Trunk,Innerwear,47,5
39127,Leggings,Bottomwear,41,4
2954,Capris,Bottomwear,43,4
32410,Leggings,Bottomwear,41,4
57630,Face Moisturisers,Skin,64,27
37946,Tunics,Topwear,39,0
17370,Accessory Gift Set,Accessories,52,23
41317,Leggings,Bottomwear,41,4
25589,Kurta Sets,Apparel Set,55,25
54862,Necklace and Chains,Jewellery,44,6
58835,Cufflinks,Cufflinks,53,24
56226,Night suits,Loungewear and Nightwear,46,17
57199,Tunics,Topwear,39,0
39920,Laptop Bag,Bags,59,2
46030,Pendant,Jewellery,42,6
56085,Lip Gloss,Lips,45,15
55235,Foundation and Primer,Makeup,60,21
17861,Trunk,Innerwear,47,5
28978,Kurta Sets,Apparel Set,55,25
18375,Trunk,Innerwear,47,5
7115,Duffel Bag,Bags,57,2
57741,Foundation and Primer,Makeup,60,21
39883,Duffel Bag,Bags,57,2
55015,Lip Gloss,Lips,45,15
50577,Trunk,Innerwear,47,5
59467,Ring,Jewellery,50,6
34824,Sports Sandals,Sandal,61,9
42639,Bracelet,Jewellery,62,6
12848,Skirts,Bottomwear,48,4
53092,Necklace and Chains,Jewellery,44,6
36265,Night suits,Loungewear and Nightwear,46,17
15351,Capris,Bottomwear,43,4
50631,Trunk,Innerwear,47,5
34904,Dupatta,Topwear,51,0
56555,Lip Gloss,Lips,45,15
46170,Necklace and Chains,Jewellery,44,6
22684,Duffel Bag,Bags,57,2
50667,Lounge Pants,Loungewear and Nightwear,63,17
43723,Bangle,Jewellery,58,6
7211,Tunics,Topwear,39,0
54052,Leggings,Bottomwear,41,4
57739,Foundation and Primer,Makeup,60,21
36658,Duffel Bag,Bags,57,2
28068,Trunk,Innerwear,47,5
32250,Skirts,Bottomwear,48,4
19937,Accessory Gift Set,Accessories,52,23
48566,Bracelet,Jewellery,62,6
17378,Accessory Gift Set,Accessories,52,23
30928,Skirts,Bottomwear,48,4
54561,Tunics,Topwear,39,0
51388,Boxers,Innerwear,68,5
27010,Capris,Bottomwear,43,4
53817,Kurta Sets,Apparel Set,55,25
56251,Night suits,Loungewear and Nightwear,46,17
55070,Kajal and Eyeliner,Makeup,54,21
39033,Cufflinks,Cufflinks,53,24
54558,Tunics,Topwear,39,0
59773,Jewellery Set,Jewellery,65,6
50688,Trunk,Innerwear,47,5
6143,Sports Sandals,Sandal,61,9
54055,Leggings,Bottomwear,41,4
30613,Capris,Bottomwear,43,4
56266,Night suits,Loungewear and Nightwear,46,17
39755,Leggings,Bottomwear,41,4
46175,Necklace and Chains,Jewellery,44,6
59890,Tunics,Topwear,39,0
28110,Trunk,Innerwear,47,5
59771,Jewellery Set,Jewellery,65,6
12156,Leggings,Bottomwear,41,4
55832,Nightdress,Loungewear and Nightwear,40,17
5004,Skirts,Bottomwear,48,4
17366,Accessory Gift Set,Accessories,52,23
48952,Ring,Jewellery,50,6
23541,Fragrance Gift Set,Fragrance,66,8
34494,Skirts,Bottomwear,48,4
25066,Accessory Gift Set,Accessories,52,23
50488,Trunk,Innerwear,47,5
56096,Lip Gloss,Lips,45,15
27959,Trunk,Innerwear,47,5
52447,Nightdress,Loungewear and Nightwear,40,17
46287,Tunics,Topwear,39,0
35004,Stoles,Stoles,56,26
48892,Pendant,Jewellery,42,6
48789,Pendant,Jewellery,42,6
36263,Night suits,Loungewear and Nightwear,46,17
56065,Lip Gloss,Lips,45,15
54864,Necklace and Chains,Jewellery,44,6
49026,Ring,Jewellery,50,6
7160,Tunics,Topwear,39,0
37947,Tunics,Topwear,39,0
28946,Tunics,Topwear,39,0
49088,Kajal and Eyeliner,Makeup,54,21
52348,Nightdress,Loungewear and Nightwear,40,17
34283,Dupatta,Topwear,51,0
56618,Highlighter and Blush,Makeup,67,21
57203,Tunics,Topwear,39,0
52387,Nightdress,Loungewear and Nightwear,40,17
35000,Stoles,Stoles,56,26
41313,Leggings,Bottomwear,41,4
17859,Trunk,Innerwear,47,5
55259,Kajal and Eyeliner,Makeup,54,21
19484,Trunk,Innerwear,47,5
56602,Kajal and Eyeliner,Makeup,54,21
57713,Lip Gloss,Lips,45,15
59860,Face Moisturisers,Skin,64,27
58118,Pendant,Jewellery,42,6
43461,Night suits,Loungewear and Nightwear,46,17
58847,Cufflinks,Cufflinks,53,24
25913,Leggings,Bottomwear,41,4
56622,Face Moisturisers,Skin,64,27
57678,Face Moisturisers,Skin,64,27
51908,Laptop Bag,Bags,59,2
27271,Tunics,Topwear,39,0
59794,Tunics,Topwear,39,0
39922,Laptop Bag,Bags,59,2
46275,Tunics,Topwear,39,0
59553,Bracelet,Jewellery,62,6
34280,Dupatta,Topwear,51,0
50683,Trunk,Innerwear,47,5
55089,Face Moisturisers,Skin,64,27
55529,Foundation and Primer,Makeup,60,21
32591,Skirts,Bottomwear,48,4
15091,Tunics,Topwear,39,0
55006,Lip Gloss,Lips,45,15
18377,Trunk,Innerwear,47,5
48579,Bracelet,Jewellery,62,6
31204,Accessory Gift Set,Accessories,52,23
34977,Stoles,Stoles,56,26
51033,Nightdress,Loungewear and Nightwear,40,17
47665,Scarves,Scarves,49,22
46272,Tunics,Topwear,39,0
23599,Fragrance Gift Set,Fragrance,66,8
48837,Pendant,Jewellery,42,6
34284,Dupatta,Topwear,51,0
42249,Tunics,Topwear,39,0
57871,Face Moisturisers,Skin,64,27
56117,Lip Gloss,Lips,45,15
40996,Capris,Bottomwear,43,4
27421,Lounge Pants,Loungewear and Nightwear,63,17
59744,Nightdress,Loungewear and Nightwear,40,17
36218,Leggings,Bottomwear,41,4
33990,Scarves,Scarves,49,22
53348,Boxers,Innerwear,68,5
51613,Leggings,Bottomwear,41,4
48811,Pendant,Jewellery,42,6
22459,Leggings,Bottomwear,41,4
55830,Nightdress,Loungewear and Nightwear,40,17
52353,Nightdress,Loungewear and Nightwear,40,17
53381,Sports Sandals,Sandal,61,9
59470,Ring,Jewellery,50,6
39921,Duffel Bag,Bags,57,2
34972,Stoles,Stoles,56,26
59554,Bangle,Jewellery,58,6
35097,Scarves,Scarves,49,22
57202,Tunics,Topwear,39,0
18693,Trunk,Innerwear,47,5
51909,Laptop Bag,Bags,59,2
28989,Kurta Sets,Apparel Set,55,25
28632,Capris,Bottomwear,43,4
52343,Nightdress,Loungewear and Nightwear,40,17
46123,Necklace and Chains,Jewellery,44,6
38550,Sports Sandals,Sandal,61,9
39314,Skirts,Bottomwear,48,4
55251,Highlighter and Blush,Makeup,67,21
25063,Accessory Gift Set,Accessories,52,23
48955,Ring,Jewellery,50,6
55488,Lip Gloss,Lips,45,15
58863,Cufflinks,Cufflinks,53,24
52204,Pendant,Jewellery,42,6
44176,Fragrance Gift Set,Fragrance,66,8
55581,Highlighter and Blush,Makeup,67,21
46814,Skirts,Bottomwear,48,4
31191,Accessory Gift Set,Accessories,52,23
31935,Tunics,Topwear,39,0
34055,Capris,Bottomwear,43,4
58842,Cufflinks,Cufflinks,53,24
28074,Trunk,Innerwear,47,5
33959,Leggings,Bottomwear,41,4
49089,Kajal and Eyeliner,Makeup,54,21
12165,Dupatta,Topwear,51,0
21912,Kurta Sets,Apparel Set,55,25
27416,Capris,Bottomwear,43,4
57922,Leggings,Bottomwear,41,4
14152,Cufflinks,Cufflinks,53,24
55560,Face Moisturisers,Skin,64,27
16995,Sports Sandals,Sandal,61,9
45082,Nightdress,Loungewear and Nightwear,40,17
25863,Laptop Bag,Bags,59,2
14164,Cufflinks,Cufflinks,53,24
39937,Laptop Bag,Bags,59,2
42635,Bracelet,Jewellery,62,6
34931,Dupatta,Topwear,51,0
58864,Cufflinks,Cufflinks,53,24
39118,Leggings,Bottomwear,41,4
39938,Laptop Bag,Bags,59,2
23108,Accessory Gift Set,Accessories,52,23
48950,Ring,Jewellery,50,6
59576,Cufflinks,Cufflinks,53,24
33963,Tunics,Topwear,39,0
25943,Scarves,Scarves,49,22
49137,Kajal and Eyeliner,Makeup,54,21
49141,Lip Gloss,Lips,45,15
55802,Night suits,Loungewear and Nightwear,46,17
52418,Nightdress,Loungewear and Nightwear,40,17
28091,Trunk,Innerwear,47,5
36277,Night suits,Loungewear and Nightwear,46,17
52360,Nightdress,Loungewear and Nightwear,40,17
4654,Sports Sandals,Sandal,61,9
48577,Bracelet,Jewellery,62,6
44677,Tunics,Topwear,39,0
48580,Bracelet,Jewellery,62,6
35020,Stoles,Stoles,56,26
25077,Accessory Gift Set,Accessories,52,23
56582,Highlighter and Blush,Makeup,67,21
48772,Pendant,Jewellery,42,6
26700,Sports Sandals,Sandal,61,9
44174,Fragrance Gift Set,Fragrance,66,8
42002,Capris,Bottomwear,43,4
57883,Face Moisturisers,Skin,64,27
32263,Tunics,Topwear,39,0
32262,Tunics,Topwear,39,0
3901,Skirts,Bottomwear,48,4
42618,Jewellery Set,Jewellery,65,6
52428,Nightdress,Loungewear and Nightwear,40,17
50031,Lounge Pants,Loungewear and Nightwear,63,17
54712,Kurta Sets,Apparel Set,55,25
52303,Pendant,Jewellery,42,6
46036,Jewellery Set,Jewellery,65,6
52380,Nightdress,Loungewear and Nightwear,40,17
47679,Boxers,Innerwear,68,5
43668,Tunics,Topwear,39,0
25361,Trunk,Innerwear,47,5
33998,Leggings,Bottomwear,41,4
56238,Night suits,Loungewear and Nightwear,46,17
48906,Pendant,Jewellery,42,6
55524,Highlighter and Blush,Makeup,67,21
48848,Pendant,Jewellery,42,6
53825,Kurta Sets,Apparel Set,55,25
54858,Necklace and Chains,Jewellery,44,6
48795,Pendant,Jewellery,42,6
54860,Necklace and Chains,Jewellery,44,6
54161,Necklace and Chains,Jewellery,44,6
52350,Nightdress,Loungewear and Nightwear,40,17
58870,Cufflinks,Cufflinks,53,24
48968,Ring,Jewellery,50,6
48949,Ring,Jewellery,50,6
36046,Duffel Bag,Bags,57,2
49011,Ring,Jewellery,50,6
24643,Cufflinks,Cufflinks,53,24
55271,Kajal and Eyeliner,Makeup,54,21
14157,Cufflinks,Cufflinks,53,24
48761,Jewellery Set,Jewellery,65,6
48794,Pendant,Jewellery,42,6
54842,Jewellery Set,Jewellery,65,6
55550,Kajal and Eyeliner,Makeup,54,21
31878,Stoles,Stoles,56,26
59555,Bangle,Jewellery,58,6
23045,Leggings,Bottomwear,41,4
56093,Lip Gloss,Lips,45,15
49635,Skirts,Bottomwear,48,4
56600,Kajal and Eyeliner,Makeup,54,21
39330,Skirts,Bottomwear,48,4
42978,Boxers,Innerwear,68,5
48318,Bracelet,Jewellery,62,6
34262,Dupatta,Topwear,51,0
23104,Accessory Gift Set,Accessories,52,23
55107,Face Moisturisers,Skin,64,27
52381,Nightdress,Loungewear and Nightwear,40,17
19238,Duffel Bag,Bags,57,2
36283,Night suits,Loungewear and Nightwear,46,17
48793,Pendant,Jewellery,42,6
55272,Kajal and Eyeliner,Makeup,54,21
47151,Capris,Bottomwear,43,4
40493,Leggings,Bottomwear,41,4
43731,Bracelet,Jewellery,62,6
31937,Tunics,Topwear,39,0
10713,Capris,Bottomwear,43,4
44063,Fragrance Gift Set,Fragrance,66,8
35024,Stoles,Stoles,56,26
56210,Pendant,Jewellery,42,6
49784,Night suits,Loungewear and Nightwear,46,17
56506,Lip Gloss,Lips,45,15
41908,Fragrance Gift Set,Fragrance,66,8
41080,Capris,Bottomwear,43,4
34267,Dupatta,Topwear,51,0
56229,Night suits,Loungewear and Nightwear,46,17
28457,Capris,Bottomwear,43,4
48755,Necklace and Chains,Jewellery,44,6
36288,Night suits,Loungewear and Nightwear,46,17
39131,Leggings,Bottomwear,41,4
49039,Ring,Jewellery,50,6
52169,Ring,Jewellery,50,6
12161,Leggings,Bottomwear,41,4
56554,Lip Gloss,Lips,45,15
48333,Necklace and Chains,Jewellery,44,6
35089,Scarves,Scarves,49,22
56100,Lip Gloss,Lips,45,15
56112,Lip Gloss,Lips,45,15
56161,Kajal and Eyeliner,Makeup,54,21
5221,Laptop Bag,Bags,59,2
36259,Night suits,Loungewear and Nightwear,46,17
57086,Skirts,Bottomwear,48,4
54547,Tunics,Topwear,39,0
56108,Lip Gloss,Lips,45,15
36060,Duffel Bag,Bags,57,2
23101,Accessory Gift Set,Accessories,52,23
48845,Pendant,Jewellery,42,6
55003,Lip Gloss,Lips,45,15
31192,Accessory Gift Set,Accessories,52,23
17862,Trunk,Innerwear,47,5
37941,Tunics,Topwear,39,0
